[
    {
        "id": 1,
        "name": "نرگس",
        "family": "شکری",
        "gender": "خانم",
        "rank": 43155,
        "province": "قزوین",
        "city": "قزوین",
        "university": "دانشگاه دولتی امام خمینی",
        "studyField": "فلسفه و کلام",
        "studyPeriod": "روزانه",
        "imageUrl": "img/user01.png"
    },
    {
        "id": 2,
        "name": "مریم",
        "family": "رضایی",
        "gender": "خانم",
        "rank": 12345,
        "province": "تهران",
        "city": "تهران",
        "university": "دانشگاه تهران",
        "studyField": "ریاضی",
        "studyPeriod": "شبانه",
        "imageUrl": "img/user02.png"
    },
    {
        "id": 3,
        "name": "علی",
        "family": "محمدی",
        "gender": "آقا",
        "rank": 9876,
        "province": "اصفهان",
        "city": "اصفهان",
        "university": "دانشگاه اصفهان",
        "studyField": "مهندسی برق",
        "studyPeriod": "روزانه",
        "imageUrl": "img/user03.png"
    },
    {
        "id": 4,
        "name": "زهرا",
        "family": "رضایی",
        "gender": "خانم",
        "rank": 5678,
        "province": "تهران",
        "city": "تهران",
        "university": "دانشگاه شریف",
        "studyField": "علوم کامپیوتر",
        "studyPeriod": "شبانه",
        "imageUrl": "img/user04.png"
    },
    {
        "id": 5,
        "name": "محمد",
        "family": "صادقی",
        "gender": "آقا",
        "rank": 3456,
        "province": "تبریز",
        "city": "تبریز",
        "university": "دانشگاه تبریز",
        "studyField": "مهندسی مکانیک",
        "studyPeriod": "روزانه",
        "imageUrl": "img/user05.png"
    },
    {
        "id": 6,
        "name": "سارا",
        "family": "محمدی",
        "gender": "خانم",
        "rank": 2345,
        "province": "شیراز",
        "city": "شیراز",
        "university": "دانشگاه شیراز",
        "studyField": "پزشکی",
        "studyPeriod": "روزانه",
        "imageUrl": "img/user06.png"
    },
    {
        "id": 7,
        "name": "رضا",
        "family": "کریمی",
        "gender": "آقا",
        "rank": 1234,
        "province": "مشهد",
        "city": "مشهد",
        "university": "دانشگاه فردوسی مشهد",
        "studyField": "معماری",
        "studyPeriod": "شبانه",
        "imageUrl": "img/user07.png"
    },
    {
        "id": 8,
        "name": "فاطمه",
        "family": "حسینی",
        "gender": "خانم",
        "rank": 1111,
        "province": "یزد",
        "city": "یزد",
        "university": "دانشگاه یزد",
        "studyField": "زبان انگلیسی",
        "studyPeriod": "روزانه",
        "imageUrl": "img/user08.png"
    },
    {
        "id": 9,
        "name": "محمدرضا",
        "family": "محمدی",
        "gender": "آقا",
        "rank": 999,
        "province": "کرمان",
        "city": "کرمان",
        "university": "دانشگاه شهید باهنر کرمان",
        "studyField": "مهندسی عمران",
        "studyPeriod": "روزانه",
        "imageUrl": "img/user09.png"
    },
    {
        "id": 10,
        "name": "نازنین",
        "family": "رحمانی",
        "gender": "خانم",
        "rank": 888,
        "province": "کرج",
        "city": "کرج",
        "university": "دانشگاه علم و صنعت ایران",
        "studyField": "مهندسی مواد",
        "studyPeriod": "روزانه",
        "imageUrl": "img/user09.png"
    }
]